,Reliance,Jio,Date,WikiPageViews,SlowD,SlowK,Open,High,Low,Close,Adj_Close,Volume,Dividend_Amt,Split_Coeff
0,87,4,2015-07-01,2286,59.8728,63.8163,500.5,505.225,500.5,502.825,485.3203,6777156,0.0,1.0
1,87,5,2015-07-02,2219,64.9952,76.0120,504.5,509.875,503.55,505.425,487.8298,7283210,0.0,1.0
2,92,4,2015-07-03,2159,72.7214,78.3358,504.875,506.9,501.525,503.6,486.0683,6323112,0.0,1.0
3,92,5,2015-07-06,2065,78.3215,80.6167,498.05,509.45,497.6,507.775,490.098,5594680,0.0,1.0
4,90,5,2015-07-07,2070,74.4596,64.4264,505.5,508.3,500.0,501.625,484.1621,5163694,0.0,1.0
5,86,4,2015-07-08,2017,63.5896,45.7258,497.925,504.35,495.825,498.3,480.9529,6944656,0.0,1.0
6,89,4,2015-07-09,2085,43.6389,20.7646,498.0,500.5,491.575,493.7,476.513,7427064,0.0,1.0
7,86,6,2015-07-10,1731,31.2381,27.2238,495.55,502.0,495.125,500.9,483.4623,7365212,0.0,1.0
8,90,5,2015-07-13,1807,31.0357,45.1188,500.9,506.25,497.575,503.5,485.9718,4507774,0.0,1.0
9,84,4,2015-07-14,1738,43.3790,57.7943,504.45,505.75,497.6,498.9,481.532,4545572,0.0,1.0
10,87,5,2015-07-15,2174,57.7283,70.2717,499.875,507.2,499.775,505.575,487.9746,6186792,0.0,1.0
11,88,5,2015-07-16,1811,68.0882,76.1986,506.0,513.9,505.575,511.85,494.0311,6790884,0.0,1.0
12,86,5,2015-07-17,1545,76.8714,84.1437,512.625,515.575,509.0,510.85,493.0659,4660876,0.0,1.0
13,87,5,2015-07-20,1868,80.6728,81.6762,513.9,514.975,508.95,512.375,494.5378,2902254,0.0,1.0
14,86,5,2015-07-21,1911,75.5016,60.6850,514.0,514.225,501.375,503.9,486.3579,3622284,0.0,1.0
15,87,4,2015-07-22,1977,69.8283,67.1238,502.5,526.975,502.3,525.2,506.9164,7913294,0.0,1.0
16,89,5,2015-07-23,2298,63.1069,61.5117,526.75,533.925,520.6,522.65,504.4552,8522914,0.0,1.0
17,86,4,2015-07-24,2396,64.2877,64.2276,524.0,524.825,510.55,512.525,494.6826,5988726,0.0,1.0
18,89,5,2015-07-27,1966,53.5867,35.0208,512.45,514.95,500.875,502.675,485.1755,9197526,0.0,1.0
19,90,5,2015-07-28,2008,39.1587,18.2276,504.15,508.35,500.05,505.125,487.5403,6118202,0.0,1.0
20,88,6,2015-07-29,1916,20.5913,8.5255,504.75,506.35,496.05,498.0,480.6633,6761866,0.0,1.0
21,92,6,2015-07-30,1922,12.7086,11.3727,500.05,504.0,496.15,500.075,482.666,5349408,0.0,1.0
22,89,5,2015-07-31,1854,12.0589,16.2785,500.0,503.95,495.0,500.925,483.4864,7604624,0.0,1.0
23,90,5,2015-08-03,1647,19.2522,30.1054,500.5,506.925,499.7,501.225,483.776,4520364,0.0,1.0
24,92,6,2015-08-04,1956,26.5682,33.3207,501.7,502.825,490.0,494.0,476.8026,5489138,0.0,1.0
25,89,5,2015-08-05,2078,31.4929,31.0527,494.125,500.4,492.05,493.875,476.6819,6558056,0.0,1.0
26,95,5,2015-08-06,1919,27.0709,16.8393,495.5,496.0,488.75,489.475,472.4351,3981022,0.0,1.0
27,93,6,2015-08-07,1769,21.1309,15.5009,489.5,497.0,488.575,492.175,475.0411,3935694,0.0,1.0
28,91,6,2015-08-10,1835,14.5912,11.4334,492.25,494.4,482.25,484.45,467.585,4246570,0.0,1.0
29,91,5,2015-08-11,2117,14.4228,16.3342,485.5,486.825,479.0,483.0,466.1855,4005904,0.0,1.0
30,89,5,2015-08-12,2163,13.0093,11.2603,481.8,483.0,470.275,471.45,455.0376,4411804,0.0,1.0
31,90,5,2015-08-13,285108,12.4429,9.7343,473.5,476.975,464.7,466.675,450.4288,4270094,0.0,1.0
32,100,4,2015-08-14,144601,15.1900,24.5756,470.125,486.0,467.15,483.475,466.644,5824010,0.0,1.0
33,91,6,2015-08-17,2287,24.4883,39.1552,483.0,483.0,473.025,475.35,458.8018,4963652,0.0,1.0
34,90,6,2015-08-18,4617,37.4500,48.6193,478.0,478.0,471.1,472.05,455.6167,3031166,0.0,1.0
35,89,6,2015-08-19,2229,45.0134,47.2658,472.0,480.5,469.725,477.3,460.6839,4058402,0.0,1.0
36,87,6,2015-08-20,2069,42.8550,32.6798,479.975,479.975,456.875,458.15,442.2006,8689858,0.0,1.0
37,86,6,2015-08-21,2107,35.4710,26.4674,455.0,455.95,448.5,453.975,438.1709,9166424,0.0,1.0
38,93,6,2015-08-24,2182,22.8629,9.4414,440.0,440.0,409.0,414.775,400.3356,16291446,0.0,1.0
39,93,6,2015-08-25,2206,16.9730,15.0101,420.425,430.325,411.6,424.075,409.3118,22631686,0.0,1.0
40,87,6,2015-08-26,2227,14.1615,18.0331,423.9,437.4,420.0,426.7,411.8455,8665824,0.0,1.0
41,85,5,2015-08-27,2030,22.1805,33.4984,433.4,440.625,428.525,434.575,419.4463,12342370,0.0,1.0
42,85,6,2015-08-28,1709,35.2998,54.3679,437.5,441.5,433.05,436.2,421.0147,4923780,0.0,1.0
43,87,6,2015-08-31,2202,50.7162,64.2825,436.425,436.425,426.9,427.95,413.0519,9467432,0.0,1.0
44,88,6,2015-09-01,2032,56.0269,49.4304,426.95,426.95,417.55,419.925,405.3063,9895684,0.0,1.0
45,91,7,2015-09-02,2219,48.4338,31.5886,425.0,428.55,421.3,424.775,409.9874,8984402,0.0,1.0
46,87,7,2015-09-03,2096,35.8094,26.4092,427.025,430.375,422.2,426.925,412.0626,5330550,0.0,1.0
47,86,5,2015-09-04,1816,29.5469,30.6430,424.85,424.85,412.55,417.95,403.4001,7406072,0.0,1.0
48,95,6,2015-09-07,2039,28.4044,28.1610,419.125,422.0,413.85,416.6,402.097,4678930,0.0,1.0
49,88,6,2015-09-08,2301,31.9633,37.0858,418.0,426.475,412.55,424.3,409.529,5897660,0.0,1.0
50,89,6,2015-09-09,2415,41.7450,59.9881,430.5,439.35,425.25,437.025,421.811,7927582,0.0,1.0
51,87,7,2015-09-10,2333,58.5152,78.4716,430.5,435.25,427.75,433.5,418.4087,5062846,0.0,1.0
52,87,7,2015-09-11,2091,72.4177,78.7935,436.0,438.05,428.1,430.475,415.489,4861888,0.0,1.0
53,89,8,2015-09-14,2197,76.5718,72.4502,430.875,432.85,425.95,431.925,416.8885,3640906,0.0,1.0
54,79,7,2015-09-15,2141,72.3801,65.8966,431.0,435.0,427.8,433.5,418.4087,5261888,0.0,1.0
55,81,8,2015-09-16,1825,69.6650,70.6483,436.05,438.675,432.6,436.275,421.0871,6137372,0.0,1.0
56,85,8,2015-09-18,1856,71.1857,77.0122,436.275,449.75,436.275,447.7,432.1144,15663184,0.0,1.0
57,81,10,2015-09-21,2057,74.5055,75.8560,440.0,444.1,438.025,439.05,423.7655,5820728,0.0,1.0
58,84,12,2015-09-22,2198,67.9128,50.8701,440.0,442.45,422.25,423.95,409.1912,7198324,0.0,1.0
59,83,13,2015-09-23,2117,50.9775,26.2062,421.5,428.4,420.0,425.175,410.3735,6958648,0.0,1.0
60,83,13,2015-09-24,2215,28.7579,9.1974,424.0,424.0,417.375,418.675,404.0998,13293018,0.0,1.0
61,85,12,2015-09-28,2449,15.2165,10.2460,418.675,420.45,414.35,417.125,402.6038,5314394,0.0,1.0
62,85,15,2015-09-29,2370,10.7320,12.7527,415.0,425.125,413.05,420.375,405.7406,7247674,0.0,1.0
63,91,13,2015-09-30,2230,21.8643,42.5943,425.5,432.4,419.25,431.15,416.1405,7905330,0.0,1.0
64,87,12,2015-10-01,1984,40.5739,66.3746,436.975,436.975,429.3,432.35,417.2988,3960612,0.0,1.0
65,85,9,2015-10-05,2075,66.4428,90.3596,432.35,445.0,430.925,444.0,428.5432,7321708,0.0,1.0
66,89,9,2015-10-06,2173,82.7165,91.4153,447.825,450.25,442.875,449.025,433.3932,5636996,0.0,1.0
67,87,9,2015-10-07,2151,92.6177,96.0782,447.35,459.025,445.5,456.9,440.9941,5264358,0.0,1.0
68,85,9,2015-10-08,2188,89.4609,80.8893,457.45,457.45,443.125,444.55,429.074,4915978,0.0,1.0
69,86,9,2015-10-09,2052,80.2486,63.7782,447.025,452.725,440.75,443.675,428.2295,4264390,0.0,1.0
70,89,8,2015-10-12,2039,62.0804,41.5737,444.0,450.8,444.0,445.875,430.3529,2840098,0.0,1.0
71,86,6,2015-10-13,2159,46.9532,35.5076,442.525,448.15,441.45,446.8,431.2457,2817316,0.0,1.0
72,81,6,2015-10-14,2001,39.6238,41.7902,447.9,452.5,446.975,451.475,435.7579,3658514,0.0,1.0
73,81,6,2015-10-15,2110,44.9416,57.5270,453.85,455.5,450.05,451.85,436.1199,4136660,0.0,1.0
74,86,8,2015-10-16,2290,59.7142,79.8253,452.25,457.4,451.85,457.4,441.4767,6970386,0.0,1.0
75,89,7,2015-10-19,2368,76.0989,90.9443,470.5,482.75,470.5,481.75,464.979,15317750,0.0,1.0
76,80,6,2015-10-20,2082,88.4602,94.6110,482.5,483.35,476.5,478.35,461.6974,8271006,0.0,1.0
77,80,5,2015-10-21,2037,90.4437,85.7757,477.75,487.4,476.5,477.5,460.877,6585230,0.0,1.0
78,87,7,2015-10-23,2118,85.9972,77.6048,477.5,486.525,470.575,477.825,461.1906,5556136,0.0,1.0
79,84,8,2015-10-26,2143,71.3528,50.6778,480.95,481.5,470.65,471.425,455.0134,5000840,0.0,1.0
80,86,8,2015-10-27,2266,52.1262,28.0960,469.4,474.125,468.7,469.775,453.4209,5303952,0.0,1.0
81,84,8,2015-10-28,2378,29.2494,8.9745,468.45,472.45,464.95,468.475,452.1661,5467128,0.0,1.0
82,84,7,2015-10-29,2214,17.5984,15.7248,468.0,472.5,467.475,470.5,454.1206,6071344,0.0,1.0
83,90,8,2015-10-30,2054,18.8111,31.7341,471.05,477.95,470.05,473.85,457.354,6110650,0.0,1.0
84,85,6,2015-11-02,2099,35.1664,58.0403,474.5,480.75,472.6,479.9,463.1934,3301676,0.0,1.0
85,84,6,2015-11-03,2094,56.6339,80.1273,481.625,485.225,480.625,483.6,466.7646,5199592,0.0,1.0
86,83,6,2015-11-04,2034,71.3258,75.8098,484.0,487.5,473.1,475.65,459.0913,4586836,0.0,1.0
87,83,6,2015-11-05,2145,67.6880,47.1268,474.5,475.5,466.5,468.3,451.9972,4922518,0.0,1.0
88,83,7,2015-11-06,1838,51.5995,31.8619,469.725,477.375,468.95,476.2,459.6222,3825198,0.0,1.0
89,81,6,2015-11-09,1583,40.5617,42.6963,466.75,482.5,461.725,480.625,463.8932,7786320,0.0,1.0
90,74,5,2015-11-10,1499,39.3533,43.5018,478.5,479.75,458.15,461.375,445.3133,5251122,0.0,1.0
91,53,4,2015-11-13,1613,42.1824,40.3492,461.375,469.275,457.25,466.525,450.284,6255098,0.0,1.0
92,60,5,2015-11-16,1824,37.6091,28.9762,463.0,471.0,462.375,467.15,450.8873,7015926,0.0,1.0
93,56,5,2015-11-17,1942,34.4616,34.0594,469.025,469.45,463.1,463.875,447.7263,3926210,0.0,1.0
94,56,4,2015-11-18,2004,28.7433,23.1942,463.8,465.65,454.975,456.0,440.1254,5142766,0.0,1.0
95,60,5,2015-11-19,2091,31.0572,35.9180,459.45,469.35,458.625,467.375,451.1044,5569752,0.0,1.0
96,56,5,2015-11-20,1995,38.3297,55.8769,467.0,476.4,462.775,473.425,456.9438,5167930,0.0,1.0
97,62,4,2015-11-23,1900,58.9137,84.9462,475.0,478.95,473.1,476.875,460.2737,4800026,0.0,1.0
98,54,5,2015-11-24,1961,77.0670,90.3778,476.5,485.8,475.525,483.85,467.0059,6768886,0.0,1.0
99,58,4,2015-11-26,1969,89.6193,93.5338,483.85,495.975,483.85,494.325,477.1162,10883224,0.0,1.0
100,54,5,2015-11-27,1860,91.2113,89.7222,494.5,496.25,487.05,489.525,472.4833,4979394,0.0,1.0
101,63,5,2015-11-30,2118,85.6001,73.5443,489.25,492.2,481.15,483.55,466.7163,13678054,0.0,1.0
102,63,5,2015-12-01,2015,72.2974,53.6257,482.0,489.4,480.625,482.95,466.1372,5934650,0.0,1.0
103,56,4,2015-12-02,1965,57.3241,44.8022,483.125,489.85,482.25,488.975,471.9525,3462408,0.0,1.0
104,61,4,2015-12-03,1947,48.3989,46.7688,487.45,494.475,487.05,488.6,471.5905,5194048,0.0,1.0
105,60,6,2015-12-04,1795,43.8173,39.8809,486.15,488.1,480.7,482.725,465.92,6146002,0.0,1.0
106,61,5,2015-12-07,1848,36.8910,24.0233,482.725,486.5,474.875,476.025,459.4533,6621556,0.0,1.0
107,64,7,2015-12-08,1873,24.6472,10.0374,474.45,476.8,468.05,470.45,454.0724,3443452,0.0,1.0
108,60,5,2015-12-09,1964,13.4600,6.3192,468.1,471.725,456.425,457.95,442.0076,4194236,0.0,1.0
109,62,5,2015-12-10,2132,13.4839,24.0951,461.25,476.9,460.0,475.175,458.6329,8499730,0.0,1.0
110,68,6,2015-12-11,1772,24.5681,43.2899,475.875,479.5,471.45,476.475,459.8876,8300090,0.0,1.0
111,60,5,2015-12-14,2059,45.7147,69.7591,473.8,481.75,473.0,477.55,460.9252,4829460,0.0,1.0
112,66,6,2015-12-15,2161,65.1200,82.3111,478.5,488.975,476.825,487.95,470.9632,7186122,0.0,1.0
113,65,6,2015-12-16,2010,80.3669,89.0304,487.95,493.775,486.75,489.325,472.2903,5530496,0.0,1.0
114,61,5,2015-12-17,1946,87.8166,92.1083,490.025,507.5,489.0,504.85,487.2748,8854870,0.0,1.0
115,61,7,2015-12-18,1807,87.7124,81.9985,501.9,504.5,495.0,495.95,478.6847,7322040,0.0,1.0
116,61,8,2015-12-21,1917,82.6849,73.9480,493.95,499.5,492.175,496.05,478.7812,5637670,0.0,1.0
117,67,8,2015-12-22,1968,70.0319,54.1493,496.4,501.3,492.0,493.65,476.4647,5293656,0.0,1.0
118,65,6,2015-12-23,2072,61.1053,55.2186,495.9,503.45,495.0,501.9,484.4275,5906346,0.0,1.0
119,71,9,2015-12-24,2018,55.2540,56.3942,501.95,503.6,498.15,500.275,482.8591,5441138,0.0,1.0
120,100,46,2015-12-28,3004,62.1675,74.8897,500.275,506.875,500.0,505.2,487.6127,5891016,0.0,1.0
121,78,16,2015-12-29,2609,71.0313,81.8098,505.2,509.35,503.575,507.7,490.0256,6818120,0.0,1.0
122,75,12,2015-12-30,2253,77.7612,76.5841,507.5,508.0,501.0,502.25,484.7653,3726642,0.0,1.0
123,69,9,2015-12-31,1708,77.1555,73.0725,501.7,509.85,499.55,507.3,489.6395,8450132,0.0,1.0
124,58,6,2016-01-01,1443,72.9534,69.2037,504.9,509.45,504.1,507.675,490.0015,2476270,0.0,1.0
125,58,5,2016-01-04,1920,67.7753,61.0496,502.5,506.9,493.35,497.65,480.3254,13793142,0.0,1.0
126,60,5,2016-01-05,2026,61.2903,53.6177,500.15,505.0,498.5,502.575,485.079,6832918,0.0,1.0
127,56,5,2016-01-06,2260,57.1088,56.6591,503.8,519.2,500.2,516.1,498.1331,12233710,0.0,1.0
128,55,5,2016-01-07,2178,58.4557,65.0902,510.525,514.0,504.025,506.625,488.988,9024438,0.0,1.0
129,54,5,2016-01-08,2157,64.4601,71.6311,510.0,516.45,508.35,512.875,495.0204,9743678,0.0,1.0
130,55,7,2016-01-11,2702,69.1811,70.8219,507.975,530.4,505.5,525.8,507.4955,13265342,0.0,1.0
131,53,6,2016-01-12,2293,73.0865,76.8064,527.5,532.7,520.55,522.725,504.5275,10685522,0.0,1.0
132,51,7,2016-01-13,2295,75.7759,79.6993,526.55,544.875,523.6,538.425,519.681,32825622,0.0,1.0
133,56,6,2016-01-14,2066,76.3725,72.6119,531.925,540.5,526.525,530.825,512.3456,12719826,0.0,1.0
134,49,5,2016-01-15,1957,76.0636,75.8797,534.875,544.75,532.8,536.65,517.9678,13151450,0.0,1.0
135,54,6,2016-01-18,2452,66.6244,51.3817,537.5,541.975,504.05,508.425,490.7254,12459918,0.0,1.0
136,58,6,2016-01-19,3359,57.2322,44.4353,514.5,524.9,507.05,521.8,503.6347,9824192,0.0,1.0
137,61,7,2016-01-20,2746,39.5854,22.9393,517.45,517.45,495.0,502.275,484.7895,20624706,0.0,1.0
138,55,6,2016-01-21,2660,29.6527,21.5834,508.775,512.875,488.35,492.1,474.9687,14523544,0.0,1.0
139,55,5,2016-01-22,2248,20.0483,15.6222,497.025,505.5,497.025,502.075,484.5964,10826910,0.0,1.0
140,51,5,2016-01-25,2092,20.1264,23.1737,505.0,509.375,500.0,501.975,484.4999,5988680,0.0,1.0
141,53,6,2016-01-27,2342,24.2419,33.9299,501.975,505.0,498.475,499.675,482.28,7886590,0.0,1.0
142,56,6,2016-01-28,2370,36.6070,52.7175,500.5,510.9,498.55,508.45,490.7495,10548946,0.0,1.0
143,52,6,2016-01-29,2085,52.3118,70.2880,509.475,520.0,509.0,517.7,499.6775,8767154,0.0,1.0
144,54,6,2016-02-01,2373,68.3691,82.1018,519.975,520.9,512.775,515.15,497.2163,4534546,0.0,1.0
145,53,6,2016-02-02,2395,71.3642,61.7028,515.15,516.4,495.25,500.575,483.1487,6752932,0.0,1.0
146,52,6,2016-02-03,2252,59.5682,34.9000,494.0,497.0,487.5,490.7,473.6174,7173616,0.0,1.0
147,54,6,2016-02-04,2194,36.6453,13.3331,494.0,500.5,482.85,486.525,469.5878,8322158,0.0,1.0
148,53,7,2016-02-05,1891,19.5283,10.3517,489.55,491.0,480.7,485.45,468.5502,9599764,0.0,1.0
149,54,6,2016-02-08,2216,10.7411,8.5386,485.55,492.4,478.975,480.525,463.7966,5521706,0.0,1.0
150,54,7,2016-02-09,2201,9.7038,10.2211,476.45,484.4,475.0,478.75,462.0834,8962058,0.0,1.0
151,53,5,2016-02-10,2264,11.3189,15.1969,475.85,486.5,474.325,481.325,464.5688,7718500,0.0,1.0
152,55,6,2016-02-11,2116,14.5291,18.1694,481.425,482.975,457.75,462.275,446.182,7824326,0.0,1.0
153,52,6,2016-02-12,1916,17.6645,19.6273,466.95,466.95,444.05,453.275,437.4953,13403870,0.0,1.0
154,51,6,2016-02-15,2004,23.8456,33.7400,459.0,475.675,459.0,473.375,456.8955,8815778,0.0,1.0
155,51,6,2016-02-16,2020,33.1403,46.0536,475.55,479.0,463.5,465.275,449.0775,5954526,0.0,1.0
156,51,5,2016-02-17,1983,49.0349,67.3110,467.55,478.725,458.2,476.3,459.7187,7059664,0.0,1.0
157,56,7,2016-02-18,2103,59.7179,65.7892,481.475,484.35,468.0,470.05,453.6863,6598322,0.0,1.0
158,52,7,2016-02-19,1813,66.6789,66.9364,470.0,476.375,468.675,472.175,455.7373,4679328,0.0,1.0
159,51,6,2016-02-22,2289,67.0997,68.5735,472.05,484.15,472.05,481.15,464.3999,5838396,0.0,1.0
160,51,5,2016-02-23,2045,67.9233,68.2600,481.55,483.6,471.375,474.825,458.2951,8681492,0.0,1.0
161,50,5,2016-02-24,2867,68.0840,67.4186,472.45,479.275,471.0,476.325,459.7429,6942622,0.0,1.0
162,50,5,2016-02-25,2096,60.3709,45.4341,477.1,478.275,470.425,472.05,455.6167,11350050,0.0,1.0
163,51,6,2016-02-26,1802,49.5437,35.7784,476.5,479.375,472.15,475.175,458.6329,3817066,0.0,1.0
164,51,5,2016-02-29,1944,39.2399,36.5073,475.65,497.3,467.5,483.325,466.4992,14186948,0.0,1.0
165,51,5,2016-03-01,1871,42.4727,55.1323,482.35,492.525,482.325,490.65,473.5692,7521846,0.0,1.0
166,52,6,2016-03-02,2025,55.5223,74.9272,496.45,502.875,493.625,500.75,483.3176,9191772,0.0,1.0
167,53,6,2016-03-03,1889,72.8501,88.4909,505.0,509.0,498.75,506.425,488.795,7260012,0.0,1.0
168,52,6,2016-03-04,1732,84.8963,91.2707,507.0,507.5,501.75,503.2,485.6823,4108856,0.0,1.0
169,55,6,2016-03-08,2059,90.3575,91.3108,503.2,515.45,503.2,513.5,495.6237,6045108,0.0,1.0
170,53,5,2016-03-09,2024,91.5554,92.0846,510.0,521.95,509.3,520.85,502.7178,5419662,0.0,1.0
171,54,6,2016-03-10,2003,85.5398,73.2239,521.025,522.95,504.5,505.875,488.2641,9466248,0.0,1.0
172,54,5,2016-03-11,1927,71.9364,50.5006,507.45,514.775,505.3,507.25,489.5913,7003352,0.0,1.0
173,54,6,2016-03-14,1854,51.1507,29.7276,509.55,513.2,506.475,509.875,492.1249,5431180,0.0,1.0
174,51,7,2016-03-15,1778,36.8434,30.3020,512.0,513.925,507.55,510.25,492.4868,4794664,0.0,1.0
175,50,7,2016-03-16,1751,31.7054,35.0864,510.5,512.9,502.725,510.875,493.0901,5058148,0.0,1.0
176,55,8,2016-03-17,1772,33.4636,35.0024,513.5,518.45,506.0,508.0,500.6041,7695480,0.0,1.0
177,52,8,2016-03-18,1727,39.2517,47.6664,509.125,515.075,507.85,513.6,506.1225,6414492,0.0,1.0
178,50,7,2016-03-21,1937,48.7843,63.6840,513.975,520.75,511.375,518.65,511.099,5809704,0.0,1.0
179,55,7,2016-03-22,1706,64.6840,82.7017,518.5,526.125,517.825,523.925,516.2972,7009934,0.0,1.0
180,51,6,2016-03-23,1405,73.4264,73.8936,523.45,523.45,511.2,514.6,507.108,7683308,0.0,1.0
181,53,10,2016-03-28,1676,68.4550,48.7697,514.6,515.85,507.825,510.2,502.7721,8261106,0.0,1.0
182,61,10,2016-03-29,1830,53.3317,37.3317,511.9,521.0,510.1,518.125,510.5817,7255802,0.0,1.0
183,64,15,2016-03-30,2223,45.9288,51.6849,521.35,525.875,521.35,523.525,515.9031,6607560,0.0,1.0
184,78,32,2016-03-31,1917,53.5956,71.7702,520.5,528.0,516.35,522.6,514.9915,14095970,0.0,1.0
185,66,19,2016-04-01,1912,63.9982,68.5396,519.55,523.15,512.5,517.225,509.6947,5660230,0.0,1.0
186,60,10,2016-04-04,1773,64.6929,53.7689,520.0,521.1,512.65,517.525,509.9904,3946520,0.0,1.0
187,61,12,2016-04-05,2005,52.1168,34.0419,515.675,521.2,511.1,513.475,505.9993,4690296,0.0,1.0
188,59,12,2016-04-06,1975,39.2375,29.9017,516.05,518.35,511.3,516.875,509.3499,3195950,0.0,1.0
189,57,10,2016-04-07,1906,33.1722,35.5730,517.45,524.0,511.05,518.625,511.0744,4018110,0.0,1.0
190,54,11,2016-04-08,1871,37.0155,45.5718,517.95,527.225,515.6,518.175,510.6309,6131402,0.0,1.0
191,57,9,2016-04-11,2803,44.6931,52.9346,518.5,522.75,516.5,520.15,512.5772,4712636,0.0,1.0
192,62,10,2016-04-12,2201,51.9332,57.2932,520.15,528.725,519.025,523.7,516.0755,5104198,0.0,1.0
193,59,10,2016-04-13,2188,61.1621,73.2586,526.275,534.95,526.275,533.025,525.2648,7332282,0.0,1.0
194,50,9,2016-04-18,1876,71.3182,83.4028,533.025,533.4,527.7,532.375,524.6242,8716204,0.0,1.0
195,55,10,2016-04-20,2121,73.3639,63.4305,532.375,534.6,517.9,518.65,511.099,9914994,0.0,1.0
196,56,12,2016-04-21,1893,61.8297,38.6558,520.7,526.0,517.5,520.575,512.996,5202872,0.0,1.0
197,56,10,2016-04-22,2194,39.9225,17.6811,519.5,523.75,514.65,519.475,511.912,5351172,0.0,1.0
198,55,9,2016-04-25,2247,24.2762,16.4915,522.225,522.225,506.15,508.45,501.0475,27959172,0.0,1.0
199,54,9,2016-04-26,2089,16.6318,15.7229,507.7,511.95,503.75,508.475,501.0722,12082558,0.0,1.0
200,55,8,2016-04-27,1880,16.3095,16.7140,508.95,512.975,508.0,509.7,502.2793,6630120,0.0,1.0
201,55,9,2016-04-28,1923,16.6152,17.4086,507.0,509.6,495.475,498.35,491.0946,28321014,0.0,1.0
202,61,8,2016-04-29,1908,16.1274,14.2595,496.725,499.275,489.425,491.35,484.1965,10734120,0.0,1.0
203,60,9,2016-05-02,1986,14.4118,11.5674,489.5,496.2,489.0,493.475,486.2906,4855506,0.0,1.0
204,55,8,2016-05-03,1959,11.9720,10.0891,494.0,497.475,486.375,487.9,480.7967,8033248,0.0,1.0
205,55,8,2016-05-04,1858,11.2095,11.9720,487.025,491.85,486.5,489.05,481.93,6192906,0.0,1.0
206,59,11,2016-05-05,1871,11.0185,10.9944,490.0,491.725,485.45,487.625,480.5257,9904822,0.0,1.0
207,67,14,2016-05-06,1669,11.4584,11.4089,486.5,488.4,483.5,484.475,477.4216,6742440,0.0,1.0
208,64,10,2016-05-09,1706,16.3913,26.7706,487.5,493.0,486.4,491.55,484.3936,7016176,0.0,1.0
209,60,10,2016-05-10,1802,28.9956,48.8072,491.55,492.35,489.0,491.275,484.1226,3313680,0.0,1.0
210,57,8,2016-05-11,1785,45.5988,61.2185,485.9,490.375,485.0,487.7,480.5996,5641398,0.0,1.0
211,58,9,2016-05-12,1768,61.2203,73.6352,488.0,497.1,487.525,496.4,489.1729,5845428,0.0,1.0
212,61,10,2016-05-13,1619,64.1447,57.5804,494.475,495.275,487.5,489.075,481.9546,6696706,0.0,1.0
213,54,9,2016-05-16,1653,60.7516,51.0391,488.5,491.25,485.55,487.975,480.8706,4264144,0.0,1.0
214,56,8,2016-05-17,1735,43.7975,22.7729,490.125,491.55,483.175,484.575,477.5201,5558046,0.0,1.0
215,55,10,2016-05-18,1812,30.8339,18.6898,482.95,486.25,482.05,485.275,478.2099,3761948,0.0,1.0
216,54,10,2016-05-19,1785,18.7032,14.6470,485.85,485.95,472.8,475.6,468.6758,4176116,0.0,1.0
217,57,9,2016-05-20,1702,15.4894,13.1314,476.0,477.25,465.675,467.1,460.2995,8477976,0.0,1.0
218,61,10,2016-05-23,1681,12.0970,8.5125,468.675,470.35,462.825,465.0,458.2301,8396196,0.0,1.0
219,59,9,2016-05-24,1673,12.1779,14.8898,464.025,472.0,464.025,470.225,463.379,5615474,0.0,1.0
220,64,10,2016-05-25,1859,18.2902,31.4684,474.925,476.4,470.575,475.6,468.6758,4224270,0.0,1.0
221,69,12,2016-05-26,1863,33.2657,53.4389,475.0,476.2,472.05,473.425,466.5324,6487202,0.0,1.0
222,75,11,2016-05-27,1738,53.2395,74.8113,474.525,488.45,474.375,487.35,480.2547,6126758,0.0,1.0
223,73,12,2016-05-30,2044,69.9993,81.7477,488.2,490.75,482.5,484.35,477.2984,4404182,0.0,1.0
224,76,13,2016-05-31,1857,75.8694,71.0492,484.5,486.5,478.25,478.925,471.9524,10666938,0.0,1.0
225,73,12,2016-06-01,1846,66.8035,47.6137,478.975,483.05,475.9,476.8,469.8583,4134068,0.0,1.0
226,75,16,2016-06-02,1843,50.3788,32.4736,477.25,478.575,472.55,478.125,471.164,4687704,0.0,1.0
227,80,23,2016-06-03,1849,37.3631,32.0019,480.0,481.45,477.925,479.825,472.8393,3951424,0.0,1.0
228,68,15,2016-06-06,1831,33.1998,35.1239,480.5,481.5,476.275,477.4,470.4496,3964932,0.0,1.0
229,71,13,2016-06-07,1901,35.9442,40.7069,478.625,480.475,475.8,477.525,470.5728,8665254,0.0,1.0
230,70,14,2016-06-08,1796,39.9911,44.1424,479.0,479.0,474.575,477.05,470.1046,5547950,0.0,1.0
231,75,17,2016-06-09,2041,48.0883,59.4155,480.0,488.225,478.1,485.575,478.5056,7151680,0.0,1.0
232,73,17,2016-06-10,1851,57.7439,69.6738,487.0,492.2,484.15,488.35,481.2402,7459474,0.0,1.0
233,71,17,2016-06-13,1799,70.7387,83.1268,484.95,491.725,481.525,490.55,483.4081,4669712,0.0,1.0
234,65,14,2016-06-14,2289,77.9949,81.1842,490.475,492.7,484.65,488.125,481.0184,4994016,0.0,1.0
235,68,14,2016-06-15,1890,83.5621,86.3753,490.0,493.25,486.875,492.3,485.1326,5087842,0.0,1.0
236,65,15,2016-06-16,1850,80.8522,74.9970,490.5,491.825,483.525,488.15,481.0431,4284658,0.0,1.0
237,65,15,2016-06-17,1911,76.0981,66.9219,488.5,489.325,485.05,487.45,480.3533,4816192,0.0,1.0
238,65,13,2016-06-20,1782,69.2666,65.8810,486.075,496.3,484.0,495.1,487.8919,4918474,0.0,1.0
239,64,14,2016-06-21,1878,68.1704,71.7084,497.05,497.075,489.85,493.55,486.3644,6369730,0.0,1.0
240,63,15,2016-06-22,1929,69.6657,71.4076,492.5,492.95,488.55,490.25,483.1125,5846568,0.0,1.0
241,71,16,2016-06-23,2039,66.7304,57.0753,489.975,491.0,485.0,490.225,483.0879,4497386,0.0,1.0
242,75,21,2016-06-24,1890,56.9335,42.3176,482.45,482.45,466.7,475.725,468.799,11422346,0.0,1.0
243,72,18,2016-06-27,2024,45.7918,37.9825,470.25,479.2,470.25,477.825,470.8684,4189198,0.0,1.0
244,75,22,2016-06-28,2090,39.3015,37.6045,478.2,480.775,477.5,478.9,471.9277,3476740,0.0,1.0
245,68,17,2016-06-29,2023,42.0881,50.6772,481.0,484.475,480.0,483.45,476.4115,3439714,0.0,1.0
246,74,17,2016-06-30,1972,51.2575,65.4907,486.0,488.75,483.525,484.575,477.5201,5832658,0.0,1.0
247,72,18,2016-07-01,1833,65.2837,79.6833,486.375,488.4,485.0,486.725,479.6388,3021958,0.0,1.0
248,72,17,2016-07-04,1989,76.4185,84.0814,487.75,496.8,487.75,493.35,486.1674,3567500,0.0,1.0
249,69,16,2016-07-05,1893,82.1810,82.7782,493.05,501.45,490.15,496.55,489.3208,5193356,0.0,1.0
250,83,23,2016-07-07,1995,79.7798,72.4799,496.55,500.25,493.075,493.95,486.7586,5499296,0.0,1.0
251,89,24,2016-07-08,1907,69.6246,53.6157,493.5,494.5,488.175,489.2,482.0778,3264450,0.0,1.0
252,83,20,2016-07-11,2122,58.2246,48.5782,495.5,497.475,492.75,496.25,489.0251,3779212,0.0,1.0
253,81,21,2016-07-12,2085,54.2859,60.6637,497.625,502.5,495.5,501.7,494.3958,4465370,0.0,1.0
254,80,21,2016-07-13,2037,62.7203,78.9189,502.6,508.35,502.075,504.375,497.0319,6818772,0.0,1.0
255,86,29,2016-07-14,1915,73.8018,81.8229,504.05,507.05,499.125,502.45,495.1349,4918366,0.0,1.0
256,93,35,2016-07-15,2093,78.7211,75.4215,504.5,510.5,501.75,506.1,498.7317,6397124,0.0,1.0
257,99,42,2016-07-18,2191,72.1820,59.3015,514.0,519.375,500.875,503.125,495.8,14678172,0.0,1.0
258,95,42,2016-07-19,2235,62.5668,52.9774,503.0,511.475,497.65,508.9,501.491,7611500,0.0,1.0
259,92,40,2016-07-20,2037,53.8121,49.1574,509.975,514.15,508.275,511.5,504.0531,5607290,0.0,1.0
260,94,43,2016-07-21,2119,49.7079,46.9889,512.0,512.5,502.5,503.175,495.8493,3068088,0.0,1.0
261,89,46,2016-07-22,2191,46.9573,44.7257,503.0,508.9,502.55,507.425,500.0374,3154228,0.0,1.0
262,90,49,2016-07-25,1999,47.6390,51.2025,507.0,511.875,503.675,511.375,503.9299,3767768,0.0,1.0
263,93,47,2016-07-26,2450,53.3207,64.0340,511.5,517.4,507.6,512.025,504.5705,4807744,0.0,1.0
264,88,46,2016-07-27,2317,57.7776,58.0963,511.525,513.0,504.475,506.55,499.1752,5042896,0.0,1.0
265,92,52,2016-07-28,2418,58.7830,54.2187,507.475,515.25,506.525,513.175,505.7037,7136750,0.0,1.0
266,94,52,2016-07-29,2100,51.4644,42.0781,512.0,512.45,506.0,507.45,500.0621,4402328,0.0,1.0
267,89,49,2016-08-01,2176,44.7669,38.0038,509.0,510.15,502.525,504.75,497.4014,3647388,0.0,1.0
268,84,51,2016-08-02,2162,34.7956,24.3048,504.0,510.0,503.15,506.4,499.0274,3524816,0.0,1.0
269,88,51,2016-08-03,2340,26.5131,17.2306,507.2,507.2,495.75,496.975,489.7396,5427608,0.0,1.0
270,84,48,2016-08-04,2292,20.4970,19.9555,499.5,500.0,491.7,496.5,489.2715,4657432,0.0,1.0
271,93,57,2016-08-05,2280,25.5553,39.4797,499.0,509.5,498.525,508.125,500.7273,5535828,0.0,1.0
272,92,53,2016-08-08,2149,42.3417,67.5898,509.95,517.0,509.325,514.625,507.1326,6197506,0.0,1.0
273,11,7,2016-08-09,2155,65.9343,90.7335,513.5,517.25,510.5,515.35,507.847,6076092,0.0,1.0
274,11,7,2016-08-10,2249,77.5262,74.2552,515.625,517.275,501.0,501.825,494.519,6158926,0.0,1.0
275,11,8,2016-08-11,2197,74.7317,59.2065,500.975,511.425,499.8,507.05,499.6679,6477798,0.0,1.0
276,12,8,2016-08-12,1937,63.2271,56.2196,508.5,521.45,508.5,517.9,510.36,7481722,0.0,1.0
277,12,9,2016-08-16,2007,59.0357,61.6810,517.9,522.4,507.75,512.45,504.9893,6111206,0.0,1.0
278,12,9,2016-08-17,1977,58.1764,56.6287,512.05,514.4,503.6,506.65,499.2737,7079940,0.0,1.0
279,11,8,2016-08-18,1957,53.5590,42.3672,508.0,511.825,508.0,509.025,501.6141,3542898,0.0,1.0
280,12,10,2016-08-19,2109,43.2006,30.6060,509.0,511.0,503.55,507.45,500.0621,3738616,0.0,1.0
281,17,19,2016-08-22,2716,32.5586,24.7026,506.0,509.85,503.6,505.925,498.5593,3055808,0.0,1.0
282,18,23,2016-08-23,3051,24.6793,18.7295,506.0,507.5,502.5,505.225,497.8695,3346656,0.0,1.0
283,20,27,2016-08-24,3265,27.6561,39.5361,505.85,510.975,505.5,510.25,502.8213,3986306,0.0,1.0
284,19,30,2016-08-25,2942,34.7655,46.0308,510.6,514.5,504.5,506.35,498.9781,6839550,0.0,1.0
285,19,31,2016-08-26,2747,51.1837,67.9843,508.95,515.4,507.3,513.95,506.4675,4406930,0.0,1.0
286,19,31,2016-08-29,3047,62.0764,72.2140,513.625,529.875,513.05,528.725,521.0273,7402990,0.0,1.0
287,19,31,2016-08-30,3073,77.9582,93.6764,531.0,534.25,526.5,533.2,525.4372,8307044,0.0,1.0
288,19,32,2016-08-31,3298,85.3780,90.2437,532.45,537.0,523.5,530.0,522.2838,10649920,0.0,1.0
289,55,93,2016-09-01,10005,83.4746,66.5037,526.5,536.375,512.85,514.6,507.108,19484908,0.0,1.0
290,54,100,2016-09-02,9374,65.4105,39.4840,515.55,516.275,501.15,506.675,499.2983,12857628,0.0,1.0
291,29,64,2016-09-06,4934,42.5001,21.5124,506.675,512.5,506.675,509.95,502.5257,5262182,0.0,1.0
292,25,54,2016-09-07,4378,27.1507,20.4556,511.0,513.525,506.525,508.825,501.4171,5909990,0.0,1.0
293,21,44,2016-09-08,4730,24.0005,30.0334,511.525,517.975,510.1,516.7,509.1774,5580392,0.0,1.0
294,18,41,2016-09-09,3934,33.9757,51.4380,517.5,524.95,515.0,522.275,514.6713,6980882,0.0,1.0
295,19,35,2016-09-12,3167,50.5779,70.2622,515.2,528.0,514.575,523.25,515.6321,15399600,0.0,1.0
296,16,33,2016-09-14,4076,66.7478,78.5433,523.25,529.5,520.45,522.375,514.7698,8505508,0.0,1.0
297,16,35,2016-09-15,3887,75.8762,78.8231,523.5,535.1,523.5,532.5,524.7474,14341770,0.0,1.0
298,16,36,2016-09-16,3300,78.0448,76.7679,533.5,546.925,529.55,537.775,529.9456,17977852,0.0,1.0
299,13,29,2016-09-19,3035,78.9324,81.2063,536.275,544.0,535.5,541.2,533.3207,7624648,0.0,1.0
300,13,28,2016-09-20,3254,76.7590,72.3027,542.0,542.375,534.525,537.1,529.2804,5271708,0.0,1.0
301,12,28,2016-09-21,2970,73.2905,66.3626,537.0,542.45,534.5,536.125,528.3196,5002952,0.0,1.0
302,13,28,2016-09-22,3382,68.2351,66.0399,541.5,547.9,539.5,544.475,536.548,8577088,0.0,1.0
303,12,29,2016-09-23,3025,68.4442,72.9302,544.5,554.725,544.5,551.4,543.3723,14211450,0.0,1.0
304,12,33,2016-09-26,2904,71.6549,75.9944,551.7,564.775,550.125,553.6,545.5402,17469886,0.0,1.0
305,13,34,2016-09-27,3186,73.5512,71.7289,558.5,562.975,553.3,555.25,547.1661,8857386,0.0,1.0
306,12,30,2016-09-28,3039,66.4270,51.5577,553.95,554.0,543.15,545.325,537.3857,11346976,0.0,1.0
307,11,29,2016-09-29,2652,52.1745,33.2367,547.5,555.375,533.7,536.225,528.4182,9719492,0.0,1.0
308,11,30,2016-09-30,2218,34.7850,19.5605,534.0,547.275,533.15,541.85,533.9612,5120210,0.0,1.0
309,10,27,2016-10-03,2592,26.1036,25.5134,543.5,553.975,538.125,545.35,537.4103,8286218,0.0,1.0
310,10,25,2016-10-04,2590,30.1379,45.3396,546.525,554.15,546.0,548.175,540.1942,5995088,0.0,1.0
311,10,26,2016-10-05,2559,41.4485,53.4926,552.0,553.25,542.9,544.7,536.7698,4932794,0.0,1.0
312,10,29,2016-10-06,2495,54.4775,64.6003,546.0,563.125,546.0,555.4,547.314,9651260,0.0,1.0
313,10,29,2016-10-07,2316,60.6640,63.8990,557.0,561.525,553.25,554.5,546.4271,6985676,0.0,1.0
314,10,29,2016-10-10,2286,61.2565,55.2700,557.0,561.0,547.0,548.175,540.1942,5281946,0.0,1.0
315,11,28,2016-10-13,2742,50.6694,32.8392,548.175,548.175,526.0,528.575,520.8795,10029334,0.0,1.0
316,11,29,2016-10-14,2836,36.8767,22.5210,531.5,541.0,530.825,538.825,530.9803,6978946,0.0,1.0
317,10,25,2016-10-17,2755,24.4152,17.8854,540.0,540.4,529.375,530.325,522.6041,4492474,0.0,1.0
318,10,26,2016-10-18,3377,23.2789,29.4305,533.0,541.375,531.025,540.55,532.6802,5062266,0.0,1.0
319,9,24,2016-10-19,3003,30.6000,44.4843,542.225,547.35,540.7,543.675,535.7596,7805312,0.0,1.0
320,9,24,2016-10-20,3191,46.2665,64.8847,546.975,549.0,542.025,543.775,535.8583,4629042,0.0,1.0
321,10,25,2016-10-21,2988,55.0929,55.9097,548.5,548.5,529.2,532.1,524.3531,19936484,0.0,1.0
322,9,21,2016-10-24,3684,51.4199,33.4653,535.0,537.0,530.325,531.65,523.9098,4806198,0.0,1.0
323,9,20,2016-10-25,4777,34.4809,14.0676,532.5,532.625,527.1,530.425,522.7026,3501422,0.0,1.0
324,8,21,2016-10-26,3683,19.3782,10.6017,528.025,529.725,526.05,527.025,519.3521,5004110,0.0,1.0
325,9,21,2016-10-27,3255,11.4808,9.7730,525.55,526.95,521.7,524.35,516.716,5871148,0.0,1.0
326,9,19,2016-10-28,2365,12.5562,17.2938,525.0,529.0,521.9,527.475,519.7955,3715834,0.0,1.0
327,8,20,2016-11-01,2698,18.1795,27.4718,527.475,527.975,523.7,525.5,517.8493,4674022,0.0,1.0
328,8,19,2016-11-02,2789,23.7751,26.5599,520.5,521.425,510.5,511.875,504.4227,3218450,0.0,1.0
329,8,19,2016-11-03,2833,23.6652,16.9640,511.925,517.375,510.3,511.975,504.5212,3342742,0.0,1.0
330,8,21,2016-11-04,2805,17.3611,8.5595,510.125,513.45,500.0,502.775,495.4551,5273822,0.0,1.0
331,8,17,2016-11-07,2642,10.9764,7.4057,507.0,508.275,499.525,500.575,493.2872,4345842,0.0,1.0
332,7,17,2016-11-08,2684,8.0919,8.3107,502.85,502.85,499.15,501.75,494.4451,6140692,0.0,1.0
333,7,15,2016-11-09,3350,14.8588,28.8601,475.0,504.5,465.0,502.3,494.9871,9893146,0.0,1.0
334,8,15,2016-11-10,4466,30.6283,54.7142,509.3,514.475,503.5,505.2,497.8448,4463814,0.0,1.0
335,7,15,2016-11-11,3866,52.8561,74.9939,498.925,508.75,497.55,500.875,493.5828,6754784,0.0,1.0
336,7,13,2016-11-15,3145,66.5419,69.9175,500.875,500.875,489.775,492.7,485.5268,6623184,0.0,1.0
337,7,15,2016-11-16,3050,68.9315,61.8831,497.5,498.4,490.35,493.275,486.0934,7566452,0.0,1.0
338,8,16,2016-11-17,2984,57.1868,39.7597,493.0,499.075,487.2,488.875,481.7575,5773270,0.0,1.0
339,8,15,2016-11-18,2956,44.2905,31.2285,492.5,496.35,491.0,493.75,486.5615,8303856,0.0,1.0
340,7,15,2016-11-21,2913,34.6692,33.0194,493.775,496.775,491.6,495.75,488.5324,6049424,0.0,1.0
341,9,17,2016-11-22,3129,40.7388,57.9684,498.85,503.9,496.65,500.725,493.435,8067320,0.0,1.0
342,8,18,2016-11-23,3244,56.9244,79.7853,502.5,505.25,499.775,504.5,497.155,5992496,0.0,1.0
343,8,16,2016-11-24,3306,67.6518,65.2016,502.775,502.775,491.1,493.675,486.4876,8646750,0.0,1.0
344,7,16,2016-11-25,2771,65.5793,51.7509,495.0,497.95,492.175,496.85,489.6164,4779658,0.0,1.0
345,8,15,2016-11-28,2825,47.3322,25.0441,496.5,500.3,492.05,493.325,486.1427,3800322,0.0,1.0
346,8,15,2016-11-29,2936,37.9462,37.0436,494.5,502.15,494.025,498.85,491.5873,4519218,0.0,1.0
347,7,16,2016-11-30,2654,32.2641,34.7045,499.975,499.975,493.325,495.025,487.818,12616008,0.0,1.0
348,11,36,2016-12-01,3399,38.6454,44.1880,500.0,507.5,497.5,498.875,491.6119,5773026,0.0,1.0
349,10,28,2016-12-02,2956,38.7708,37.4199,497.95,502.5,495.9,497.375,490.1338,5706090,0.0,1.0
350,8,18,2016-12-05,3103,38.8060,34.8101,497.5,499.85,493.25,496.925,489.6903,1822820,0.0,1.0
351,8,17,2016-12-06,2610,38.0622,41.9565,498.0,503.275,497.3,502.6,495.2827,3075070,0.0,1.0
352,8,18,2016-12-07,2465,40.6766,45.2632,502.0,503.8,498.175,499.575,492.3018,2254226,0.0,1.0
353,8,19,2016-12-08,2460,51.8557,68.3475,502.525,510.9,502.175,510.025,502.5996,4000460,0.0,1.0
354,8,18,2016-12-09,2179,63.7629,77.6779,511.0,515.925,510.15,514.475,506.9848,3766666,0.0,1.0
355,7,18,2016-12-12,2242,77.3265,85.9540,510.25,520.85,510.25,513.6,506.1225,4125400,0.0,1.0
356,7,17,2016-12-13,2369,83.2807,86.2101,514.0,520.5,513.775,519.9,512.3309,4738906,0.0,1.0
357,7,16,2016-12-14,2447,85.9201,85.5963,519.9,532.225,519.1,529.75,522.0374,11035658,0.0,1.0
358,7,16,2016-12-15,2310,85.7801,85.5339,526.2,533.8,524.325,526.475,518.8101,8837934,0.0,1.0
359,8,18,2016-12-16,1998,83.5550,79.5348,526.0,531.0,526.0,528.575,520.8795,6831074,0.0,1.0
360,7,17,2016-12-19,2253,81.0487,78.0772,527.5,533.475,527.175,531.275,523.5402,6861900,0.0,1.0
361,8,18,2016-12-20,2273,78.3386,77.4037,527.35,530.5,526.575,528.95,521.2491,5343438,0.0,1.0
362,8,18,2016-12-21,2427,77.5428,77.1476,530.05,533.65,528.6,531.625,523.8851,9311516,0.0,1.0
363,7,19,2016-12-22,2239,69.1539,52.9103,529.0,531.325,525.475,526.675,519.0072,13208832,0.0,1.0
364,4,12,2016-12-23,2119,57.4640,42.3341,526.0,534.475,526.0,528.65,520.9534,4692828,0.0,1.0
365,5,12,2016-12-26,2124,38.5792,20.4932,527.175,533.0,522.325,523.725,516.1001,7004598,0.0,1.0
366,5,12,2016-12-27,2385,35.3103,43.1036,523.925,533.55,523.5,532.35,524.5995,7974284,0.0,1.0
367,5,12,2016-12-28,2688,33.9004,38.1045,533.95,534.775,523.55,524.85,517.2087,4405854,0.0,1.0
368,4,12,2016-12-29,2449,47.7721,62.1083,525.0,534.4,524.75,532.725,524.9691,4010412,0.0,1.0
369,4,13,2016-12-30,2200,55.3344,65.7903,532.4,542.5,531.55,541.2,533.3207,7182986,0.0,1.0
370,5,13,2017-01-02,2342,72.1545,88.5649,542.0,545.0,536.175,542.55,534.6511,3244916,0.0,1.0
371,5,11,2017-01-03,2506,81.1107,88.9769,544.925,548.5,540.55,544.7,536.7698,2941502,0.0,1.0
372,5,11,2017-01-04,2520,82.5731,70.1774,546.45,546.5,532.15,533.575,525.8068,4751094,0.0,1.0
373,4,10,2017-01-05,2698,71.2859,54.7035,535.5,539.95,534.375,538.7,530.8571,3992966,0.0,1.0
374,4,10,2017-01-06,2370,54.0614,37.3032,537.1,542.5,536.55,537.475,529.6499,3586854,0.0,1.0
375,4,8,2017-01-09,2417,43.5278,38.5766,538.5,543.0,535.5,538.85,531.0049,2390514,0.0,1.0
376,4,8,2017-01-10,2637,42.8967,52.8102,540.0,547.2,540.0,544.925,536.9915,5188800,0.0,1.0
377,4,8,2017-01-11,2491,51.5795,63.3517,547.5,547.85,542.0,543.025,535.1192,5246422,0.0,1.0
378,4,9,2017-01-12,2683,60.8178,66.2916,543.5,545.175,539.9,541.65,533.7642,1998728,0.0,1.0
379,4,9,2017-01-13,2508,64.0143,62.3996,542.275,548.75,542.275,545.2,537.2625,3307338,0.0,1.0
380,4,8,2017-01-16,2955,57.6495,44.2574,544.975,546.975,536.975,538.125,530.2905,5492010,0.0,1.0
381,4,9,2017-01-17,3063,45.2896,29.2118,532.5,534.0,519.25,520.625,513.0453,17936580,0.0,1.0
382,4,8,2017-01-18,2716,26.7069,6.6517,521.3,524.0,514.375,516.275,508.7586,7254142,0.0,1.0
383,4,10,2017-01-19,2663,13.8865,5.7961,517.575,522.65,515.5,516.85,509.3252,6987456,0.0,1.0
384,4,9,2017-01-20,2259,5.8648,5.1466,516.975,518.725,511.95,512.9,505.4328,4016164,0.0,1.0
385,4,8,2017-01-23,2501,5.3729,5.1761,510.9,515.5,506.4,507.95,500.5548,6267066,0.0,1.0
386,5,8,2017-01-24,2681,8.9433,16.5072,508.5,514.4,508.5,513.65,506.1718,4306182,0.0,1.0
387,5,8,2017-01-25,2305,13.9673,20.2185,516.0,516.35,508.075,508.65,501.2446,10906460,0.0,1.0
388,5,9,2017-01-27,2230,23.9017,34.9794,508.65,514.45,508.65,512.55,505.0878,9994478,0.0,1.0
389,4,8,2017-01-30,2658,36.0483,52.9472,512.475,523.225,512.4,522.4,514.7944,7167512,0.0,1.0
390,4,8,2017-01-31,2692,53.9925,74.0511,523.425,526.9,520.15,522.6,514.9915,6914730,0.0,1.0
391,4,7,2017-02-01,2275,71.3585,87.0773,523.05,525.45,517.6,524.825,517.1841,5171596,0.0,1.0
392,4,7,2017-02-02,2429,80.1446,79.3053,525.0,525.4,519.125,521.75,514.1539,4159816,0.0,1.0
393,4,7,2017-02-03,2221,76.7137,63.7584,523.0,525.225,515.05,516.825,509.3006,6043502,0.0,1.0
394,4,7,2017-02-06,2342,64.4693,50.3440,518.5,522.45,516.025,520.825,513.2424,4567964,0.0,1.0
395,4,6,2017-02-07,2462,48.5745,31.6212,521.0,521.175,513.6,515.45,507.9456,4528490,0.0,1.0
396,4,6,2017-02-08,2272,35.6866,25.0946,515.45,519.125,511.0,512.575,505.1125,7420188,0.0,1.0
397,4,6,2017-02-09,2285,26.0536,21.4451,514.0,517.0,513.4,516.375,508.8571,4508432,0.0,1.0
398,4,7,2017-02-10,2154,24.8813,28.1043,517.5,517.775,512.775,515.075,507.5761,5723062,0.0,1.0
399,4,6,2017-02-13,2150,28.9554,37.3167,516.5,517.0,511.0,514.925,507.4283,3915976,0.0,1.0
400,4,7,2017-02-14,2178,40.0439,54.7107,517.5,526.45,514.95,524.9,517.2581,8340828,0.0,1.0
401,4,7,2017-02-15,2410,54.1289,70.3593,526.45,528.75,522.625,525.65,517.9971,6965690,0.0,1.0
402,4,7,2017-02-16,2434,71.5115,89.4645,526.275,534.725,526.275,533.75,525.9792,8985694,0.0,1.0
403,4,8,2017-02-17,2274,83.6770,91.2072,533.25,539.1,529.225,537.75,529.921,6787712,0.0,1.0
404,4,9,2017-02-20,2946,91.7837,94.6795,535.275,539.425,533.25,537.7,529.8717,5326254,0.0,1.0
405,6,21,2017-02-21,3779,93.3100,94.0435,537.6,545.475,536.525,544.1,536.1785,6485580,0.0,1.0
406,6,16,2017-02-22,3587,94.4994,94.7754,546.5,605.825,546.0,603.75,594.9601,58207852,0.0,1.0
407,5,12,2017-02-23,2714,92.6480,89.1251,606.8,611.0,589.675,591.375,582.7652,28458468,0.0,1.0
408,5,10,2017-02-27,2634,90.6320,87.9955,591.375,628.4,591.375,619.45,610.4315,38137822,0.0,1.0
409,5,13,2017-02-28,2626,87.5281,85.4636,616.0,624.0,614.25,619.025,610.0127,16509062,0.0,1.0
410,5,16,2017-03-01,2590,87.4706,88.9527,620.05,622.2,615.0,617.25,608.2635,11148306,0.0,1.0
411,5,14,2017-03-02,3461,85.9584,83.4589,618.95,627.35,613.525,618.375,609.3721,8258066,0.0,1.0
412,5,16,2017-03-03,2461,83.3302,77.5789,620.775,643.9,620.775,629.275,620.1135,38541702,0.0,1.0
413,5,12,2017-03-06,2355,80.1726,79.4801,634.5,656.0,632.625,652.675,643.1727,30504308,0.0,1.0
414,5,11,2017-03-07,2488,79.2716,80.7556,659.425,663.5,648.075,652.475,642.9756,19233700,0.0,1.0
415,4,11,2017-03-08,2425,79.4444,78.0976,653.85,653.85,643.05,645.6,636.2007,19812206,0.0,1.0
416,4,10,2017-03-09,2255,74.6197,65.0058,645.0,649.0,640.75,643.375,634.0082,14215340,0.0,1.0
417,4,10,2017-03-10,2180,64.1631,49.3858,645.125,648.0,630.6,640.825,631.4953,11331136,0.0,1.0
418,5,10,2017-03-14,2300,52.2400,42.3282,640.825,659.5,640.825,644.75,635.3632,12693240,0.0,1.0
419,5,11,2017-03-15,2339,47.2136,49.9268,645.525,658.15,645.2,652.475,642.9756,11021316,0.0,1.0
420,5,11,2017-03-16,2383,50.9476,60.5878,655.0,655.2,646.8,648.825,639.3788,7279928,0.0,1.0
421,5,10,2017-03-17,2196,59.7258,68.6628,654.0,659.975,649.025,650.35,640.8816,10390152,0.0,1.0
422,4,10,2017-03-20,2689,58.2153,45.3953,653.0,653.125,639.175,640.4,631.0765,5883428,0.0,1.0
423,4,10,2017-03-21,2922,46.9686,26.8478,641.1,641.95,629.65,631.9,622.7003,10330214,0.0,1.0
424,4,10,2017-03-22,2533,27.5504,10.4082,626.0,632.95,623.275,629.85,620.6801,9276676,0.0,1.0
425,4,10,2017-03-23,2424,19.2830,20.5931,631.575,638.775,629.0,636.65,627.3811,5398180,0.0,1.0
426,4,10,2017-03-24,2311,23.8556,40.5654,637.05,646.0,634.225,643.375,634.0082,7443822,0.0,1.0
427,4,13,2017-03-27,2205,33.0297,37.9306,635.55,639.375,623.6,625.55,616.4427,14836244,0.0,1.0
428,5,14,2017-03-28,2207,35.5722,28.2207,629.0,632.0,621.05,622.875,613.8066,9923868,0.0,1.0
429,4,17,2017-03-29,2184,28.3896,19.0176,625.85,630.0,616.675,628.325,619.1773,8651574,0.0,1.0
430,5,28,2017-03-30,2244,28.0394,36.8799,627.5,637.375,626.5,635.325,626.0754,12737718,0.0,1.0
431,8,100,2017-03-31,2654,39.4398,62.4218,633.0,668.825,633.0,660.45,650.8346,20751038,0.0,1.0
432,5,13,2017-04-03,2700,60.1631,81.1876,671.0,690.25,668.525,687.325,677.3183,20520654,0.0,1.0
433,5,15,2017-04-05,2956,78.7965,92.7801,687.325,709.0,687.325,707.5,697.1996,18434720,0.0,1.0
434,5,21,2017-04-06,2954,90.1104,96.3636,704.5,724.45,701.1,719.25,708.7785,23142150,0.0,1.0
435,6,42,2017-04-07,2814,93.0411,89.9797,710.65,717.0,701.275,703.3,693.0607,14572302,0.0,1.0
436,5,14,2017-04-10,2700,85.5778,70.3901,705.0,712.45,688.65,690.675,680.6195,14066282,0.0,1.0
437,5,15,2017-04-11,2813,66.7160,39.7782,693.925,700.225,685.05,686.175,676.185,14743454,0.0,1.0
438,5,13,2017-04-12,3013,41.7647,15.1258,691.4,693.225,675.575,677.0,667.1436,12548430,0.0,1.0
439,5,12,2017-04-13,2523,21.1802,8.6365,677.0,686.7,673.675,682.4,672.465,5812376,0.0,1.0
440,4,12,2017-04-17,2905,16.8582,26.8121,682.4,697.775,682.4,695.925,685.7931,5411708,0.0,1.0
441,4,10,2017-04-18,3112,24.4821,37.9978,699.975,705.0,683.5,685.1,675.1257,7322166,0.0,1.0
442,4,10,2017-04-19,2855,35.8358,42.6975,684.5,691.275,678.775,684.4,674.4359,5290584,0.0,1.0
443,4,11,2017-04-20,2657,38.6924,35.3818,689.5,693.4,682.05,684.775,674.8054,3837224,0.0,1.0
444,4,10,2017-04-21,2388,41.6394,46.8387,690.25,710.5,689.275,701.25,691.0406,13820554,0.0,1.0
445,5,9,2017-04-24,3001,47.8017,61.1846,704.525,717.5,700.1,708.7,698.3821,11663462,0.0,1.0
446,5,9,2017-04-25,2821,60.0527,72.1346,730.0,733.875,713.05,716.4,705.97,16807408,0.0,1.0
447,4,8,2017-04-26,2658,66.2250,65.3557,717.5,720.025,701.3,708.225,697.914,7663550,0.0,1.0
448,4,8,2017-04-27,2383,62.8844,51.1629,708.5,712.075,701.1,704.75,694.4896,5747310,0.0,1.0
449,4,8,2017-04-28,1995,48.9146,30.2253,704.875,710.15,695.5,697.6,687.4437,5416808,0.0,1.0
450,4,7,2017-05-02,2203,32.0582,14.7863,697.6,701.0,683.15,685.275,675.2982,8499368,0.0,1.0
451,5,7,2017-05-03,2253,16.8324,5.4856,688.45,690.375,682.5,685.05,675.0764,4343098,0.0,1.0
452,4,7,2017-05-04,2269,8.5960,5.5160,687.5,689.8,677.025,678.975,669.0898,6567622,0.0,1.0
453,4,7,2017-05-05,2103,5.4193,5.2564,680.8,683.675,662.5,664.125,654.4561,7131086,0.0,1.0
454,4,7,2017-05-08,2220,4.9930,4.2066,665.0,669.75,659.175,660.7,651.0809,7345170,0.0,1.0
455,5,9,2017-05-09,2028,6.0751,8.7624,662.0,666.825,660.125,665.175,655.4908,9649022,0.0,1.0
456,5,9,2017-05-10,2126,14.2572,29.8025,667.4,681.8,665.325,679.55,669.6565,10471864,0.0,1.0
457,5,8,2017-05-11,2391,31.2902,55.3057,682.05,684.875,675.825,679.775,669.8782,6301512,0.0,1.0
458,5,9,2017-05-12,2116,51.6069,69.7125,680.025,682.0,672.025,675.225,665.3944,3439458,0.0,1.0
459,5,8,2017-05-15,2101,62.8715,63.5963,678.2,678.2,666.75,672.05,662.2657,3080426,0.0,1.0
460,5,8,2017-05-16,2408,62.8910,55.3642,673.025,688.45,670.5,678.15,668.2769,5785894,0.0,1.0
461,5,8,2017-05-17,2387,56.1871,49.6008,676.5,682.975,673.875,676.55,666.7001,4500608,0.0,1.0
462,5,8,2017-05-18,2466,46.8523,35.5920,670.125,675.0,662.05,663.675,654.0126,4475832,0.0,1.0
463,5,9,2017-05-19,2506,35.5693,21.5151,666.5,667.85,655.0,659.425,649.8245,5857766,0.0,1.0
464,5,10,2017-05-22,3340,23.5396,13.5117,663.25,666.8,657.6,662.075,652.4359,4023718,0.0,1.0
465,5,9,2017-05-23,2791,16.1123,13.3103,662.85,664.925,651.0,652.775,643.2713,4216446,0.0,1.0
466,5,9,2017-05-24,2519,12.4338,10.4794,653.75,656.85,647.55,648.85,639.4034,6549608,0.0,1.0
467,5,9,2017-05-25,2520,11.0844,9.4635,650.0,656.2,648.225,651.225,641.7438,11850670,0.0,1.0
468,5,8,2017-05-26,2195,18.6963,36.1459,651.975,672.2,650.0,668.65,658.9152,9797278,0.0,1.0
469,6,9,2017-05-29,2455,36.4863,63.8495,668.5,682.725,667.8,678.45,668.5725,10982340,0.0,1.0
470,5,9,2017-05-30,2671,62.7511,88.2580,677.95,682.35,674.25,679.675,669.7797,4415454,0.0,1.0
471,5,8,2017-05-31,2443,77.4874,80.3546,683.5,683.975,667.9,670.35,660.5904,7508198,0.0,1.0
472,6,8,2017-06-01,2484,77.8478,64.9306,666.35,670.0,661.5,664.125,654.4561,4358656,0.0,1.0
473,5,9,2017-06-02,2466,61.6144,39.5579,667.5,669.35,658.5,662.375,652.7316,5255130,0.0,1.0
474,5,8,2017-06-05,2194,44.0181,27.5658,663.125,670.5,657.925,664.675,654.998,4953412,0.0,1.0
475,5,9,2017-06-06,2220,27.2950,14.7612,666.975,666.975,655.5,656.4,646.8436,4384712,0.0,1.0
476,5,9,2017-06-07,2256,27.4403,39.9939,655.6,671.0,654.5,669.5,659.7528,5119908,0.0,1.0
477,5,9,2017-06-08,2102,35.7492,52.4925,670.0,672.4,664.025,665.85,656.1559,3613042,0.0,1.0
478,5,9,2017-06-09,2122,54.7252,71.6892,672.55,676.475,665.5,667.85,658.1268,6325604,0.0,1.0
479,5,9,2017-06-12,2187,57.8311,49.3118,663.275,664.875,658.5,659.725,650.1201,3855026,0.0,1.0
480,5,9,2017-06-13,2231,51.0782,32.2335,660.3,663.5,655.5,657.175,647.6072,2754582,0.0,1.0
481,5,9,2017-06-14,2474,41.7204,43.6159,657.95,680.0,657.95,678.75,668.8682,24202054,0.0,1.0
482,6,10,2017-06-15,2453,46.8294,64.6387,680.0,697.5,679.55,691.975,681.9006,12933608,0.0,1.0
483,6,9,2017-06-16,2310,66.4725,91.1628,694.55,697.9,684.65,694.4,684.2903,14954314,0.0,1.0
484,6,8,2017-06-19,2168,82.1939,90.7801,695.1,707.9,695.1,704.625,694.3665,6965824,0.0,1.0
485,6,8,2017-06-20,2249,91.3493,92.1048,704.5,711.05,703.725,706.175,695.8939,4636798,0.0,1.0
486,6,8,2017-06-21,2305,91.6129,91.9536,703.9,714.0,702.125,711.0,700.6486,9139886,0.0,1.0
487,6,8,2017-06-22,2315,90.8369,88.4522,714.725,722.7,713.85,716.325,705.8961,10111884,0.0,1.0
488,6,9,2017-06-23,2122,88.7171,85.7456,718.0,721.0,715.3,717.925,707.4728,14237664,0.0,1.0
489,6,9,2017-06-27,2285,85.3877,81.9654,717.925,721.5,712.5,718.575,708.1133,14899756,0.0,1.0
490,5,9,2017-06-28,2260,74.6335,56.1894,719.975,719.975,697.775,699.25,689.0697,7117076,0.0,1.0
491,6,9,2017-06-29,2524,56.1150,30.1902,700.0,705.0,695.05,696.35,686.2119,5896644,0.0,1.0
492,6,11,2017-06-30,2147,30.7825,5.9680,696.0,696.2,687.525,690.0,679.9543,3572422,0.0,1.0
493,6,10,2017-07-03,2099,14.9355,8.6482,694.1,697.35,685.5,690.525,680.4717,4203772,0.0,1.0
494,5,10,2017-07-04,2538,15.4429,31.7124,695.0,713.55,694.5,710.975,700.624,8602400,0.0,1.0
495,6,11,2017-07-05,2330,33.6284,60.5247,714.725,723.725,712.0,721.325,710.8233,12439044,0.0,1.0
496,6,11,2017-07-06,2687,59.4329,86.0618,724.35,725.0,719.0,721.275,710.774,6213034,0.0,1.0
497,6,11,2017-07-07,2362,79.8715,93.0280,721.5,748.875,720.0,745.575,734.7203,16387270,0.0,1.0
498,6,11,2017-07-10,2430,90.6042,92.7229,747.55,750.45,744.55,746.425,735.5579,1602158,0.0,1.0
499,6,14,2017-07-11,2461,92.4835,91.6996,750.5,752.2,743.5,747.175,736.2969,9598458,0.0,1.0
500,6,13,2017-07-12,2403,90.8441,88.1096,749.7,762.5,748.75,755.55,744.55,7819594,0.0,1.0
501,6,12,2017-07-13,2427,89.7266,89.3704,754.375,762.5,753.075,761.05,761.05,10519518,0.0,1.0
502,6,13,2017-07-14,2289,89.8288,92.0064,760.0,768.0,757.775,766.875,766.875,9386022,0.0,1.0
503,6,13,2017-07-17,2625,91.7016,93.7279,768.5,779.8,768.5,775.875,775.875,8571618,0.0,1.0
504,6,13,2017-07-18,2571,86.4299,73.5555,773.4,775.9,755.5,759.95,759.95,8978824,0.0,1.0
505,6,14,2017-07-19,2620,75.2498,58.4662,756.3,769.0,756.3,766.475,766.475,5390082,0.0,1.0
506,7,22,2017-07-20,2880,57.6786,41.0142,769.875,775.0,761.85,764.45,764.45,6229372,0.0,1.0
507,15,59,2017-07-21,8814,53.0122,59.5564,775.0,795.85,772.475,792.5,792.5,44410224,0.0,1.0
508,8,33,2017-07-24,4055,57.9743,73.3522,800.0,812.45,792.5,807.625,807.625,19854458,0.0,1.0
509,8,29,2017-07-25,3738,73.5175,87.6439,812.35,812.475,798.8,801.075,801.075,9172158,0.0,1.0
510,8,26,2017-07-26,3451,83.0544,88.1671,802.1,814.95,800.55,811.375,811.375,10036778,0.0,1.0
511,7,23,2017-07-27,3549,84.2226,76.8569,814.0,815.75,794.175,797.4,797.4,8416142,0.0,1.0
512,7,21,2017-07-28,3350,75.1871,60.5373,795.625,802.975,789.0,797.225,797.225,6552046,0.0,1.0
513,7,18,2017-07-31,3055,63.3399,52.6257,800.975,809.4,798.0,807.6,807.6,7574068,0.0,1.0
514,7,17,2017-08-01,3371,54.1799,49.3769,811.375,811.375,795.75,801.8,801.8,5628596,0.0,1.0
515,7,17,2017-08-02,3169,56.9028,68.7060,805.0,817.85,804.05,814.6,814.6,9502770,0.0,1.0
516,6,16,2017-08-03,3137,63.7558,73.1847,813.425,832.45,808.525,825.05,825.05,9009552,0.0,1.0
517,6,18,2017-08-04,2824,71.0148,71.1537,831.5,831.5,807.55,811.075,811.075,8494090,0.0,1.0
518,5,16,2017-08-07,2629,65.7330,52.8606,815.8,815.8,806.275,808.175,808.175,4360036,0.0,1.0
519,6,15,2017-08-08,2875,51.9803,31.9265,809.0,810.525,793.4,801.275,801.275,5011136,0.0,1.0
520,7,16,2017-08-09,2945,36.1839,23.7645,800.75,810.0,792.5,799.4,799.4,4771286,0.0,1.0
521,6,17,2017-08-10,3139,23.5596,14.9877,796.525,803.325,788.975,792.175,792.175,4657686,0.0,1.0
522,6,16,2017-08-11,2671,17.1657,12.7449,775.475,790.0,766.5,773.125,773.125,7770128,0.0,1.0
523,7,20,2017-08-14,2404,16.6274,22.1496,780.5,792.25,780.5,786.525,786.525,6144598,0.0,1.0
524,8,30,2017-08-16,3020,22.4059,32.3232,786.525,788.0,775.1,783.05,783.05,6206788,0.0,1.0
525,7,26,2017-08-17,2902,32.5833,43.2772,784.5,798.825,780.575,783.55,783.55,7236358,0.0,1.0
526,6,22,2017-08-18,2973,41.8590,49.9766,782.0,788.9,776.575,787.7,787.7,3628022,0.0,1.0
527,6,16,2017-08-21,2805,46.8413,47.2701,788.5,792.075,780.125,782.2,782.2,3462376,0.0,1.0
528,6,17,2017-08-22,2847,45.3344,38.7564,786.0,789.95,778.025,780.025,780.025,4358460,0.0,1.0
529,6,26,2017-08-23,2968,41.5232,38.5430,782.425,793.275,776.575,791.025,791.025,3803648,0.0,1.0
530,9,100,2017-08-24,2838,39.4331,40.9998,795.0,796.55,782.25,784.025,784.025,5785142,0.0,1.0
531,5,21,2017-08-28,2904,41.6012,45.2609,784.025,790.975,780.6,783.275,783.275,5630656,0.0,1.0
532,6,21,2017-08-29,2789,37.0031,24.7487,780.925,783.75,765.0,766.075,766.075,6932842,0.0,1.0
533,6,18,2017-08-30,2916,33.4466,30.3302,773.775,784.4,770.625,782.05,782.05,4724774,0.0,1.0
534,6,18,2017-08-31,3055,35.3680,51.0250,787.5,798.725,787.0,797.25,797.25,11476990,0.0,1.0
535,6,18,2017-09-01,2569,54.0253,80.7206,799.925,808.3,799.5,805.05,805.05,7054954,0.0,1.0
536,5,15,2017-09-04,2783,73.5420,88.8805,807.75,818.075,797.925,806.675,806.675,9856750,0.0,1.0
537,6,14,2017-09-05,3094,86.2309,89.0914,815.0,817.425,810.525,816.3,816.3,11528262,0.0,1.0
538,6,14,2017-09-06,2960,88.8502,88.5785,813.2,826.25,811.4,822.7,822.7,22285024,0.0,1.0
539,7,14,2017-09-07,3310,86.5084,81.8553,823.0,832.5,815.0,818.1,818.1,7408536,0.0,1.0
540,6,14,2017-09-08,3150,79.4988,68.0625,820.0,823.25,812.1,816.9,816.9,6056729,0.0,1.0
541,6,12,2017-09-11,3073,66.2830,48.9310,821.3,826.85,816.55,817.9,817.9,5801712,0.0,1.0
542,6,12,2017-09-12,3205,55.3281,48.9908,822.75,825.0,817.0,823.75,823.75,2971669,0.0,1.0
543,6,13,2017-09-13,3083,51.4504,56.4294,824.0,859.9,822.0,849.0,849.0,13430225,0.0,1.0
544,6,13,2017-09-14,3239,57.3621,66.6662,855.8,861.5,842.0,843.85,843.85,5425486,0.0,1.0
545,5,13,2017-09-15,2919,62.9920,65.8805,842.0,852.85,834.75,841.8,841.8,13072853,0.0,1.0
546,28,58,2017-09-18,2890,64.6936,61.5340,850.0,851.05,843.1,845.55,845.55,2314174,0.0,1.0
547,30,59,2017-09-19,3089,60.5110,54.1187,848.7,848.75,837.0,838.6,838.6,3528729,0.0,1.0
548,30,69,2017-09-20,3035,53.9987,46.3434,856.1,872.5,845.1,847.15,847.15,11402965,0.0,1.0
549,29,73,2017-09-21,3087,43.7492,30.7855,847.0,851.7,836.25,841.35,841.35,5920552,0.0,1.0
550,33,74,2017-09-22,2783,32.0889,19.1379,839.9,839.9,813.2,817.4,817.4,5620443,0.0,1.0
551,30,77,2017-09-25,3027,22.0700,16.2867,815.0,827.95,805.2,821.55,821.55,6505309,0.0,1.0
552,30,72,2017-09-26,3336,17.7545,17.8388,821.7,827.05,812.2,820.1,820.1,4829571,0.0,1.0
553,30,70,2017-09-27,3092,17.2561,17.6428,825.6,825.7,795.5,799.15,799.15,8434196,0.0,1.0
554,28,69,2017-09-28,2645,16.1720,13.0344,799.65,802.9,780.2,786.45,786.45,13508179,0.0,1.0
555,30,75,2017-09-29,2626,12.5200,6.8829,791.75,793.4,779.1,780.9,780.9,7619230,0.0,1.0
556,32,66,2017-10-03,3273,12.6724,18.0999,780.9,803.85,780.9,798.35,798.35,8387059,0.0,1.0
557,31,65,2017-10-04,2900,22.6755,43.0437,799.2,824.95,795.6,818.85,818.85,8643924,0.0,1.0
558,30,64,2017-10-05,3421,44.4627,72.2444,825.0,828.45,818.65,824.15,824.15,4860479,0.0,1.0
559,30,64,2017-10-06,3053,68.7371,90.9232,824.0,839.35,822.6,837.05,837.05,5942106,0.0,1.0
560,31,64,2017-10-09,3186,84.6042,90.6449,839.0,839.8,828.0,830.65,830.65,4046109,0.0,1.0
561,32,65,2017-10-10,3280,90.8246,90.9058,831.0,847.3,831.0,843.2,843.2,6734986,0.0,1.0
562,32,70,2017-10-11,3180,86.1417,76.8743,845.3,858.4,836.0,840.15,840.15,7049800,0.0,1.0
563,36,95,2017-10-12,3137,82.4473,79.5618,842.1,876.8,842.1,872.75,872.75,8522926,0.0,1.0
564,41,89,2017-10-13,3574,77.0219,74.6295,879.3,890.7,873.35,876.45,876.45,9833512,0.0,1.0
565,36,83,2017-10-16,2889,78.6063,81.6275,879.0,892.0,861.3,876.8,876.8,14633539,0.0,1.0
566,33,82,2017-10-17,2621,76.6231,73.6123,878.0,884.0,867.2,874.35,874.35,6354084,0.0,1.0
567,31,95,2017-10-18,2547,78.3109,79.6928,877.4,917.9,875.0,914.5,914.5,16765178,0.0,1.0
568,24,75,2017-10-19,2256,78.2344,81.3982,915.8,921.9,903.0,909.9,909.9,3664082,0.0,1.0
569,36,73,2017-10-23,3087,83.6723,89.9258,909.9,944.7,909.1,939.75,939.75,12551649,0.0,1.0
570,38,66,2017-10-24,3124,85.7252,85.8516,947.7,947.7,928.2,934.25,934.25,6335308,0.0,1.0
571,45,66,2017-10-25,3350,88.2177,88.8759,940.1,945.9,929.5,939.9,939.9,4577050,0.0,1.0
572,45,62,2017-10-26,3617,86.4186,84.5283,940.0,957.8,931.0,947.4,947.4,7698704,0.0,1.0
573,49,72,2017-10-27,3112,81.4570,70.9669,950.0,956.7,925.7,929.85,929.85,5256749,0.0,1.0
574,45,76,2017-10-30,3339,71.3835,58.6554,934.0,945.55,930.6,942.5,942.5,3576533,0.0,1.0
575,47,72,2017-10-31,3284,59.0008,47.3801,944.95,945.75,932.2,940.85,940.85,4345360,0.0,1.0
576,49,71,2017-11-01,3660,55.6982,61.0592,947.75,957.8,945.75,952.55,952.55,8033040,0.0,1.0
577,59,71,2017-11-02,3530,57.9187,65.3167,952.8,956.5,944.25,946.6,946.6,4698609,0.0,1.0
578,41,74,2017-11-03,3260,64.6584,67.5993,955.95,955.95,940.15,945.3,945.3,2193730,0.0,1.0
579,50,69,2017-11-06,3247,58.8949,43.7686,942.5,942.5,929.0,932.5,932.5,4460799,0.0,1.0
580,40,77,2017-11-07,3180,45.2186,24.2879,933.35,935.0,903.05,906.7,906.7,9347943,0.0,1.0
581,36,89,2017-11-08,3027,25.3444,7.9767,902.5,906.0,884.1,887.8,887.8,8115980,0.0,1.0
582,34,94,2017-11-09,3075,14.5996,11.5342,894.75,909.9,892.05,900.5,900.5,6860798,0.0,1.0
583,32,96,2017-11-10,2679,10.4238,11.7606,900.95,900.95,879.2,883.85,883.85,6365174,0.0,1.0
584,31,67,2017-11-13,2738,11.4335,11.0056,885.0,891.9,873.5,875.25,875.25,4155011,0.0,1.0
585,30,63,2017-11-14,2779,12.8464,15.7729,875.0,895.0,873.0,886.7,886.7,5706105,0.0,1.0
586,31,61,2017-11-15,2985,16.5895,22.9901,884.5,890.6,877.95,883.7,883.7,6981872,0.0,1.0
587,31,60,2017-11-16,3407,30.6554,53.2032,885.5,906.0,885.5,903.85,903.85,6931038,0.0,1.0
588,29,59,2017-11-17,3040,47.3348,65.8113,918.95,924.9,908.5,911.9,911.9,5586242,0.0,1.0
589,29,54,2017-11-20,2847,68.6307,86.8777,906.2,924.35,905.0,920.85,920.85,4220192,0.0,1.0
590,28,56,2017-11-21,2794,79.3009,85.2136,926.8,939.65,925.5,932.55,932.55,5980763,0.0,1.0
591,25,54,2017-11-22,2960,86.7252,88.0844,937.45,938.65,923.45,930.75,930.75,5055490,0.0,1.0
592,24,53,2017-11-23,2459,87.2769,88.5326,931.0,949.9,926.65,947.0,947.0,7329126,0.0,1.0
593,24,54,2017-11-24,2684,87.9493,87.2308,950.0,959.5,947.4,951.1,951.1,6394443,0.0,1.0
594,24,48,2017-11-27,2595,86.9790,85.1736,947.25,957.5,944.0,951.35,951.35,4680074,0.0,1.0
595,26,51,2017-11-28,2775,81.5993,72.3935,949.85,951.35,938.1,943.35,943.35,4641893,0.0,1.0
596,25,49,2017-11-29,2729,73.7999,63.8325,941.85,950.0,941.0,946.0,946.0,3674864,0.0,1.0
597,27,53,2017-11-30,2778,58.6565,39.7434,941.45,941.45,919.5,921.55,921.55,9434893,0.0,1.0
598,25,56,2017-12-01,2828,42.1751,22.9494,924.45,931.25,907.7,910.1,910.1,5081389,0.0,1.0
599,25,50,2017-12-04,2606,22.8770,5.9382,913.5,913.8,897.35,901.6,901.6,4618847,0.0,1.0
600,24,52,2017-12-05,2519,14.7564,15.3817,901.05,920.75,895.45,913.7,913.7,8369174,0.0,1.0
601,26,54,2017-12-06,2622,19.2346,36.3840,910.0,930.3,908.8,926.65,926.65,11007689,0.0,1.0
602,25,54,2017-12-07,2389,38.4005,63.4358,930.05,936.0,923.0,931.55,931.55,5529565,0.0,1.0
603,27,52,2017-12-08,2822,57.5420,72.8061,933.85,936.95,919.05,921.0,921.0,5588486,0.0,1.0
604,24,50,2017-12-11,2396,67.6886,66.8239,922.45,926.0,913.55,916.15,916.15,4933853,0.0,1.0
605,25,51,2017-12-12,2597,61.8431,45.8993,915.95,929.0,908.0,915.6,915.6,7215014,0.0,1.0
606,26,50,2017-12-13,2479,48.5858,33.0341,916.9,924.95,910.7,914.65,914.65,4182097,0.0,1.0
607,22,53,2017-12-14,2426,36.9617,31.9516,919.0,924.9,908.75,921.5,921.5,5021130,0.0,1.0
608,24,58,2017-12-15,2223,34.6282,38.8990,931.0,932.95,917.7,919.75,919.75,11158706,0.0,1.0
609,25,59,2017-12-18,2394,43.2533,58.9092,911.95,932.65,862.65,921.0,921.0,8494801,0.0,1.0
610,26,57,2017-12-19,2665,57.0625,73.3794,923.6,927.0,920.0,925.95,925.95,4064982,0.0,1.0
611,27,54,2017-12-20,2509,72.0953,83.9972,925.9,927.4,917.0,918.15,918.15,4774414,0.0,1.0
612,32,56,2017-12-21,2517,79.1856,80.1802,918.45,923.95,910.0,912.95,912.95,4147162,0.0,1.0
613,30,59,2017-12-22,2457,80.6144,77.6660,914.65,922.4,909.3,920.4,920.4,4872675,0.0,1.0
614,34,66,2017-12-26,6161,77.4273,74.4357,920.4,938.9,918.15,929.8,929.8,5301456,0.0,1.0
615,37,62,2017-12-27,6123,72.9866,66.8581,933.0,937.5,919.0,923.75,923.75,4352384,0.0,1.0
616,38,63,2017-12-28,5931,65.8104,56.1374,925.25,934.4,919.1,924.2,924.2,7091515,0.0,1.0
617,40,61,2017-12-29,5874,56.4264,46.2838,926.5,932.3,918.5,921.05,921.05,5069838,0.0,1.0
618,35,67,2018-01-01,2965,44.9403,32.3998,922.7,922.7,907.5,909.75,909.75,4321686,0.0,1.0
619,36,65,2018-01-02,3745,33.1317,20.7116,913.0,919.55,906.4,911.15,911.15,4342815,0.0,1.0
620,32,61,2018-01-03,3665,23.5303,17.4796,925.0,926.0,913.05,914.8,914.8,6175312,0.0,1.0
621,33,68,2018-01-04,4171,23.7239,32.9804,918.15,921.8,915.7,920.3,920.3,4118581,0.0,1.0
622,31,74,2018-01-05,3520,35.2492,55.2876,921.8,926.9,920.25,923.25,923.25,3401905,0.0,1.0
623,32,73,2018-01-08,3373,54.5230,75.3012,926.1,931.0,923.5,928.55,928.55,4035417,0.0,1.0
624,31,77,2018-01-09,3280,72.7155,87.5577,928.15,943.9,924.0,940.95,940.95,6534997,0.0,1.0
625,29,70,2018-01-10,3228,83.6805,88.1825,943.0,947.4,935.5,942.35,942.35,5361502,0.0,1.0
626,28,64,2018-01-11,3424,85.1316,79.6545,941.8,942.65,935.0,937.75,937.75,3588377,0.0,1.0
627,28,64,2018-01-12,3103,82.1186,78.5189,943.0,952.8,938.25,949.0,949.0,6890028,0.0,1.0
628,27,61,2018-01-15,3044,77.6562,74.7953,950.0,958.5,945.2,949.15,949.15,5084113,0.0,1.0
629,28,60,2018-01-16,3429,69.7261,55.8639,947.7,947.7,920.0,922.95,922.95,4948895,0.0,1.0
630,28,66,2018-01-17,3378,56.2799,38.1805,926.0,929.0,907.0,924.5,924.5,6036432,0.0,1.0
631,29,66,2018-01-18,3200,38.7152,22.1011,929.0,929.6,915.1,919.7,919.7,4289053,0.0,1.0
632,31,63,2018-01-19,3257,31.8522,35.2751,923.0,934.4,922.1,931.3,931.3,4559564,0.0,1.0
633,28,56,2018-01-22,3022,37.7570,55.8947,948.0,974.3,940.0,971.5,971.5,20892838,0.0,1.0
634,31,57,2018-01-23,3479,56.3735,77.9506,975.0,990.95,975.0,983.25,983.25,10298500,0.0,1.0
635,32,68,2018-01-24,3201,72.8634,84.7450,981.75,981.75,962.65,966.35,966.35,6532672,0.0,1.0
636,28,70,2018-01-25,2657,78.8999,74.0040,967.9,972.0,956.15,965.9,965.9,6249419,0.0,1.0
637,34,81,2018-01-29,3451,72.8353,59.7568,965.9,977.3,959.3,964.5,964.5,4524605,0.0,1.0
638,35,83,2018-01-30,3234,57.3692,38.3468,965.8,965.8,949.0,950.4,950.4,4198139,0.0,1.0
639,33,92,2018-01-31,3283,43.8738,33.5177,950.0,964.5,941.55,961.3,961.3,5738209,0.0,1.0
640,34,100,2018-02-01,2924,31.7637,23.4267,963.25,972.6,936.6,943.85,943.85,7554587,0.0,1.0
641,33,86,2018-02-02,2755,26.9073,23.7777,935.0,943.95,901.0,904.35,904.35,13242095,0.0,1.0
642,34,76,2018-02-05,2988,20.6921,14.8719,894.0,912.5,881.8,902.15,902.15,8773525,0.0,1.0
643,36,81,2018-02-06,3138,18.1688,15.8567,877.0,898.0,871.0,892.1,892.1,11000448,0.0,1.0
644,35,87,2018-02-07,3001,17.5997,22.0704,902.55,905.4,890.0,894.4,894.4,7100838,0.0,1.0
645,34,82,2018-02-08,2845,22.6190,29.9299,897.9,910.65,892.35,904.55,904.55,6320734,0.0,1.0
646,32,78,2018-02-09,2776,32.1913,44.5735,889.0,902.0,886.0,897.85,897.85,5294279,0.0,1.0
647,35,78,2018-02-12,2584,47.6088,68.3229,903.0,918.2,902.05,915.5,915.5,5429792,0.0,1.0
648,32,77,2018-02-14,2684,64.6671,81.1049,915.5,942.5,915.5,933.65,933.65,10170959,0.0,1.0
649,31,82,2018-02-15,2864,78.8884,87.2374,937.65,945.75,928.15,935.65,935.65,6109454,0.0,1.0
650,33,82,2018-02-16,2579,81.2821,75.5040,939.6,942.6,918.1,921.3,921.3,4401672,0.0,1.0
651,28,73,2018-02-19,2937,76.3882,66.4232,921.0,932.0,913.55,927.0,927.0,4087936,0.0,1.0
652,27,71,2018-02-20,2976,62.8225,46.5402,929.0,929.55,918.8,921.1,921.1,3866919,0.0,1.0
653,28,82,2018-02-21,2997,52.0555,43.2031,930.0,932.5,922.15,929.35,929.35,5448230,0.0,1.0
654,30,78,2018-02-22,2843,42.1025,36.5642,922.0,931.0,920.0,924.35,924.35,5118850,0.0,1.0
655,28,79,2018-02-23,3101,45.5789,56.9694,925.4,938.0,922.75,934.25,934.25,4850839,0.0,1.0
656,27,68,2018-02-26,3017,53.1873,66.0283,939.0,944.9,936.6,938.7,938.7,3856478,0.0,1.0
657,30,75,2018-02-27,3232,68.3441,82.0344,939.0,955.8,938.35,950.5,950.5,6410097,0.0,1.0
658,31,80,2018-02-28,2982,77.6395,84.8558,945.95,957.1,943.2,954.55,954.55,25898694,0.0,1.0
659,50,89,2018-03-01,2778,83.1153,82.4556,949.75,959.9,945.95,948.4,948.4,4094652,0.0,1.0
660,30,75,2018-03-05,3146,74.5147,56.2329,948.4,950.15,921.6,924.1,924.1,5634893,0.0,1.0
661,32,94,2018-03-06,3108,55.7922,28.6882,929.0,936.2,905.1,910.85,910.85,7323680,0.0,1.0
662,34,77,2018-03-07,3008,30.4610,6.4621,909.25,909.25,888.05,889.75,889.75,7247708,0.0,1.0
663,30,88,2018-03-08,2957,16.7641,15.1422,897.65,914.5,893.3,911.45,911.45,6072983,0.0,1.0
664,31,79,2018-03-09,2659,15.5650,25.0907,914.9,919.35,911.05,913.1,913.1,4863577,0.0,1.0
665,32,89,2018-03-12,2787,31.2612,53.5509,920.0,933.1,917.55,930.3,930.3,3801407,0.0,1.0
666,32,82,2018-03-13,2685,50.5949,73.1433,931.9,936.0,921.35,931.85,931.85,5096825,0.0,1.0
667,28,89,2018-03-14,2695,71.4331,87.6051,928.8,932.05,919.2,929.05,929.05,6731530,0.0,1.0
668,31,82,2018-03-15,2548,73.8041,60.6639,925.0,929.45,910.0,911.8,911.8,5811424,0.0,1.0
669,31,87,2018-03-16,2653,62.6091,39.5582,909.0,909.7,886.05,900.05,900.05,14087564,0.0,1.0
